Symbol,Series,Date,Prev Close,Open Price,High Price,Low Price,Last Price,Close Price,Average Price,Total Traded Quantity,Turnover,No. of Trades,Deliverable Qty,% Dly Qt to Traded Qty
HDFC,EQ,17-Nov-15,1178.4,1190.2,1203.95,1184,1200,1200.75,1193.87,1926695,2300214375,65822,1329733,69.02
HDFC,EQ,18-Nov-15,1200.75,1199,1202.5,1176,1177.1,1178.7,1190.58,1823920,2171529395,32407,1399132,76.71
HDFC,EQ,19-Nov-15,1178.7,1187.25,1217,1184.5,1213.1,1214.2,1202.49,2607107,3135025405,68725,1944785,74.6
HDFC,EQ,20-Nov-15,1214.2,1216,1222.2,1200,1205,1205.75,1210.12,2659599,3218430857,79591,1757512,66.08
HDFC,EQ,23-Nov-15,1205.75,1210,1211,1184.1,1192.2,1191.15,1193.9,2241804,2676489732,89829,1390237,62.01
HDFC,EQ,24-Nov-15,1191.15,1191.15,1224.5,1189.65,1221.65,1218.95,1214.63,3758223,4564858849,149008,2739792,72.9
HDFC,EQ,26-Nov-15,1218.95,1222,1231.95,1216,1224,1222.65,1223.45,2264979,2771085681,104856,1535838,67.81
HDFC,EQ,27-Nov-15,1222.65,1225.1,1242.15,1215.8,1230.15,1230.6,1232.39,1851264,2281481003,76433,1184162,63.97
HDFC,EQ,30-Nov-15,1230.6,1223.5,1229.4,1204.35,1218.5,1211.2,1212.54,6102193,7399156966,125089,4869339,79.8
HDFC,EQ,1-Dec-15,1211.2,1218.95,1228.15,1213.55,1227,1224.7,1221.15,2065617,2522433923,89664,1450798,70.24
HDFC,EQ,2-Dec-15,1224.7,1221.3,1233.3,1206.1,1211,1211.75,1217.35,1513305,1842227478,65877,825891,54.58
HDFC,EQ,3-Dec-15,1211.75,1207.35,1208.9,1198.05,1200,1200.2,1201.7,1577703,1895930612,42931,1050001,66.55
HDFC,EQ,4-Dec-15,1200.2,1190,1192.65,1169.5,1173.85,1171.6,1177.06,2898773,3412032218,77139,2156426,74.39
HDFC,EQ,7-Dec-15,1171.6,1176.3,1187.9,1175.05,1185,1184.6,1182.96,2494804,2951242800,66508,1949986,78.16
HDFC,EQ,8-Dec-15,1184.6,1178.9,1178.9,1169.5,1172.45,1171.55,1171.4,2988127,3500279403,59964,2511819,84.06
HDFC,EQ,9-Dec-15,1171.55,1166.25,1170.4,1150,1156,1153.25,1159.01,1705547,1976742255,47590,961023,56.35
HDFC,EQ,10-Dec-15,1153.25,1155,1185,1154,1182.8,1182.3,1174.33,2489849,2923901613,101706,1781478,71.55
HDFC,EQ,11-Dec-15,1182.3,1185,1188,1162.2,1175,1174.75,1174.94,2219575,2607871085,62052,1685423,75.93
HDFC,EQ,14-Dec-15,1174.75,1156.05,1195,1156.05,1195,1188.05,1179.39,2052379,2420553203,61860,1312887,63.97
HDFC,EQ,15-Dec-15,1188.05,1184.35,1209.5,1180.8,1200,1206.55,1193.49,2628140,3136645859,86901,1959111,74.54
HDFC,EQ,16-Dec-15,1206.55,1211,1222.8,1209.2,1217,1219.3,1218.02,1910248,2326725273,68739,1312025,68.68
HDFC,EQ,17-Dec-15,1219.3,1220,1243.85,1209.5,1238.05,1240.95,1227.43,1921688,2358744509,59477,1304693,67.89
HDFC,EQ,18-Dec-15,1240.95,1247.9,1247.9,1220.55,1224.4,1224.85,1228.41,2755208,3384520574,89014,2058769,74.72
HDFC,EQ,21-Dec-15,1224.85,1218.2,1240,1218.2,1232,1232.35,1230.56,2178186,2680381118,74897,1613447,74.07
HDFC,EQ,22-Dec-15,1232.35,1233.7,1237,1221.5,1228,1228.25,1230.09,1549227,1905693093,103886,1107309,71.47
HDFC,EQ,23-Dec-15,1228.25,1233,1242,1231.5,1236.05,1239.2,1238.91,1327248,1644345068,70215,912157,68.73
HDFC,EQ,24-Dec-15,1239.2,1243,1245,1225.4,1229.5,1229.55,1231.25,391634,482198030.3,11654,181678,46.39
HDFC,EQ,28-Dec-15,1229.55,1229.55,1239,1220.2,1228.8,1227.65,1227.19,1658317,2035069781,49212,1222029,73.69
HDFC,EQ,29-Dec-15,1227.65,1226.55,1239.9,1225.6,1235.7,1234.3,1232.39,1716336,2115189861,36760,1156806,67.4
HDFC,EQ,30-Dec-15,1234.3,1240,1244.9,1230.65,1231.55,1233.7,1237.36,1443470,1786090688,46892,930723,64.48
HDFC,EQ,31-Dec-15,1233.7,1233.9,1274.7,1233.9,1263.5,1263.75,1257.4,3215917,4043706240,60925,2007036,62.41
HDFC,EQ,1-Jan-16,1263.75,1261,1266.9,1250.65,1257.8,1258.45,1258.39,676161,850875068.8,13230,308262,45.59
HDFC,EQ,4-Jan-16,1258.45,1250,1253.9,1212.05,1217.15,1216.7,1227.55,1995329,2449370564,78529,1360507,68.18
HDFC,EQ,5-Jan-16,1216.7,1229.9,1233.45,1206.5,1208.15,1209.4,1219.5,2325929,2836464031,109820,1644980,70.72
HDFC,EQ,6-Jan-16,1209.4,1209.6,1220.75,1202.4,1207.55,1209.3,1210.81,2746330,3325286321,96546,2001431,72.88
HDFC,EQ,7-Jan-16,1209.3,1198.85,1203.55,1175,1176.35,1179.45,1186.35,1780298,2112055407,60151,1172564,65.86
HDFC,EQ,8-Jan-16,1179.45,1189.85,1230,1169,1176.45,1174.4,1175.62,2467149,2900423447,79183,1703449,69.05
HDFC,EQ,11-Jan-16,1174.4,1165,1171,1150.1,1162.35,1161.55,1158.32,2288312,2650597280,90184,1541783,67.38
HDFC,EQ,12-Jan-16,1161.55,1169.4,1169.4,1146.05,1149,1151.85,1152.94,1942208,2239246422,60394,1307327,67.31
HDFC,EQ,13-Jan-16,1151.85,1157,1173.65,1145.35,1166,1167.65,1157.4,1830178,2118247595,67493,1013586,55.38
HDFC,EQ,14-Jan-16,1167.65,1154.9,1167,1147.15,1162,1159.3,1158.69,3250397,3766194123,88329,2243147,69.01
HDFC,EQ,15-Jan-16,1159.3,1160.7,1167.3,1143.15,1148,1149.8,1155.28,1890878,2184486850,54238,1215113,64.26
HDFC,EQ,18-Jan-16,1149.8,1140,1157.7,1125.1,1127.95,1131.8,1139.19,2262744,2577690613,48680,1569012,69.34
HDFC,EQ,19-Jan-16,1131.8,1132.9,1157.15,1130.9,1151,1153,1146.74,1418630,1626794856,68378,861562,60.73
HDFC,EQ,20-Jan-16,1153,1140.25,1198.1,1129.15,1138,1136.65,1136.18,2585069,2937093169,82183,1936503,74.91
HDFC,EQ,21-Jan-16,1136.65,1147.05,1147.7,1121.15,1132,1131.1,1131.36,5451792,6167928177,98807,4097208,75.15
HDFC,EQ,22-Jan-16,1131.1,1140,1163.2,1135.2,1159,1158.45,1154.39,2741456,3164713366,90734,1970887,71.89
HDFC,EQ,25-Jan-16,1158.45,1165,1183.4,1155,1175,1174.6,1175.68,2457396,2889112976,105103,1957586,79.66
HDFC,EQ,27-Jan-16,1174.6,1176.4,1188.45,1162,1162.5,1169.95,1175.94,2496568,2935818385,63831,1663988,66.65
HDFC,EQ,28-Jan-16,1169.95,1150,1159.65,1138,1151.5,1147.75,1149.97,4077193,4688653498,145360,3012750,73.89
HDFC,EQ,29-Jan-16,1147.75,1147.75,1187.75,1145.05,1177,1180,1175.65,3136336,3687245485,124408,2128783,67.87
HDFC,EQ,1-Feb-16,1180,1182.4,1193.95,1170.6,1178.15,1180.05,1182.69,2136935,2527339344,100847,1458767,68.26
HDFC,EQ,2-Feb-16,1180.05,1177.6,1192.85,1166.5,1180.6,1179.8,1181.82,2338231,2763358502,86110,1616392,69.13
HDFC,EQ,3-Feb-16,1179.8,1174.4,1180.85,1158.4,1161.8,1160.95,1167.76,2896768,3382722257,84663,2068425,71.4
HDFC,EQ,4-Feb-16,1160.95,1165.25,1177,1163.3,1168,1168.35,1171,1622222,1899624518,59429,993851,61.26
HDFC,EQ,5-Feb-16,1168.35,1169,1186.1,1169,1183.6,1182.95,1182.13,1168106,1380851121,56288,674853,57.77
HDFC,EQ,8-Feb-16,1182.95,1185.2,1186,1158.05,1160,1164.1,1171.97,1497068,1754517180,60090,1061171,70.88
HDFC,EQ,9-Feb-16,1164.1,1151.1,1168.65,1140.3,1158,1159.9,1151.23,1662393,1913797471,48668,1001949,60.27
HDFC,EQ,10-Feb-16,1159.9,1155,1156.75,1110.5,1118.8,1116.55,1128.59,2964666,3345892263,110371,2230198,75.23
HDFC,EQ,11-Feb-16,1116.55,1110.3,1115.1,1058.05,1070,1066.65,1091.85,3006630,3282803717,74548,2171125,72.21
HDFC,EQ,12-Feb-16,1066.65,1079,1097.1,1067.2,1083.65,1083.75,1084.68,3490711,3786301252,116963,2274452,65.16
HDFC,EQ,15-Feb-16,1083.75,1093.4,1102,1076,1082,1080.45,1088.05,4217676,4589053780,102410,3009995,71.37
HDFC,EQ,16-Feb-16,1080.45,1084.5,1090.45,1063.9,1079,1077.15,1074.08,3312107,3557477946,76993,2000603,60.4
HDFC,EQ,17-Feb-16,1077.15,1078,1085.4,1060.15,1079.85,1076.3,1074.44,2237100,2403629317,83656,1581249,70.68
HDFC,EQ,18-Feb-16,1076.3,1086.85,1086.85,1062.7,1065.75,1069.1,1070.18,3891721,4164849613,139499,3099486,79.64
HDFC,EQ,19-Feb-16,1069.1,1065,1065.4,1046.2,1059.65,1060.85,1056.15,2939450,3104488345,116310,2085991,70.97
HDFC,EQ,22-Feb-16,1060.85,1051,1063.75,1047.85,1058.8,1058.4,1059.3,3374621,3574720264,94904,2573023,76.25
HDFC,EQ,23-Feb-16,1058.4,1062,1062,1040,1048.7,1051.1,1049.97,3253934,3416517938,130789,2641903,81.19
HDFC,EQ,24-Feb-16,1051.1,1050.8,1050.8,1018.55,1023.05,1022.1,1032,4731925,4883364538,140161,3396353,71.78
HDFC,EQ,25-Feb-16,1022.1,1022,1049.5,1011.45,1042,1042.65,1034.31,6122303,6332380326,152516,4767861,77.88
HDFC,EQ,26-Feb-16,1042.65,1056.7,1059,1048.35,1054,1053.7,1053.57,4862409,5122909809,149956,3440132,70.75
HDFC,EQ,29-Feb-16,1053.7,1056,1078.5,1022.05,1064.75,1060.3,1058.22,5507689,5828362606,127502,3594860,65.27
HDFC,EQ,1-Mar-16,1060.3,1072,1073.5,1046.8,1072.4,1069.45,1060.35,5690459,6033874093,141765,4438457,78
HDFC,EQ,2-Mar-16,1069.45,1081.95,1107,1077,1103,1099.55,1098.77,4070235,4472234819,91567,3057624,75.12
HDFC,EQ,3-Mar-16,1099.55,1114.7,1135.8,1107.05,1122.4,1124.15,1120.4,2754190,3085788565,87449,1957525,71.07
HDFC,EQ,4-Mar-16,1124.15,1128,1134.9,1105,1127.85,1129,1119.36,1624796,1818725507,57813,1047257,64.45
HDFC,EQ,8-Mar-16,1129,1120,1150.8,1119,1149.9,1146.45,1141.26,3121092,3561969332,95572,2395119,76.74
HDFC,EQ,9-Mar-16,1146.45,1144,1145,1106,1129.65,1128.65,1122.14,3962894,4446928390,161185,2832177,71.47
HDFC,EQ,10-Mar-16,1128.65,1134.8,1157,1123.95,1157,1153.15,1137.39,4555206,5181041709,199186,3508860,77.03
HDFC,EQ,11-Mar-16,1153.15,1159,1167,1146.5,1161.9,1160.5,1155.96,2950536,3410700454,98690,2209057,74.87
HDFC,EQ,14-Mar-16,1160.5,1168,1175,1146.75,1160,1158.7,1160.67,1239365,1438489400,57993,780121,62.95
HDFC,EQ,15-Mar-16,1158.7,1144,1148.7,1109.4,1113.15,1111.35,1121.48,3897662,4371134132,125955,2726228,69.95
HDFC,EQ,16-Mar-16,1111.35,1101.1,1128.7,1095.5,1128,1125.95,1108.29,3068113,3400366167,103900,1924949,62.74
HDFC,EQ,17-Mar-16,1125.95,1135.55,1152,1104,1107.05,1108.05,1122.4,4138764,4645332474,124761,2642529,63.85
HDFC,EQ,18-Mar-16,1108.05,1111.4,1133,1104,1130.25,1129.3,1119.04,4859516,5437971418,125203,3604408,74.17
HDFC,EQ,21-Mar-16,1129.3,1130,1155.85,1128.05,1150.5,1151.25,1142.35,3940026,4500903873,108048,2849765,72.33
HDFC,EQ,22-Mar-16,1151.25,1142.05,1174,1136,1167.95,1168.1,1150.04,3440836,3957109241,107205,2732288,79.41
HDFC,EQ,23-Mar-16,1168.1,1162.1,1167.7,1143.65,1160,1162.75,1154.31,2117350,2444070313,74414,1403520,66.29
HDFC,EQ,28-Mar-16,1162.75,1154.5,1170.25,1137.3,1143.2,1143.35,1146.39,3943656,4520977500,88017,3133202,79.45
HDFC,EQ,29-Mar-16,1143.35,1135.25,1142,1120.65,1123.95,1125.75,1130.7,3752026,4242411877,84976,2826935,75.34
HDFC,EQ,30-Mar-16,1125.75,1128.25,1131.35,1110.15,1115.5,1115.3,1115.42,4842266,5401147634,148632,4083699,84.33
HDFC,EQ,31-Mar-16,1115.3,1111,1118.95,1098,1107,1105.6,1105.92,9556036,10568219109,175689,7111787,74.42
HDFC,EQ,1-Apr-16,1105.6,1100,1117.8,1092.25,1115.2,1113.4,1103.01,3894156,4295292842,136099,2885731,74.1
HDFC,EQ,4-Apr-16,1113.4,1122.5,1124.25,1095.6,1099.5,1103.7,1105,3275522,3619459664,88687,2344658,71.58
HDFC,EQ,5-Apr-16,1103.7,1102,1111,1085.5,1098.15,1103.45,1102.58,4368286,4816385896,94052,3310963,75.8
HDFC,EQ,6-Apr-16,1103.45,1112.35,1112.35,1091.2,1103.1,1102.05,1099.57,2913779,3203914076,93310,2042409,70.09
HDFC,EQ,7-Apr-16,1102.05,1100,1100,1065.5,1073,1070.85,1074.12,4883634,5245619614,169971,3123726,63.96
HDFC,EQ,8-Apr-16,1070.85,1071.8,1082.85,1068.15,1077.05,1079.55,1076.07,1944688,2092626361,70961,1314416,67.59
HDFC,EQ,11-Apr-16,1079.55,1083.95,1084.7,1060.15,1079.75,1079.8,1073.64,3737043,4012254355,88223,2639205,70.62
HDFC,EQ,12-Apr-16,1079.8,1085,1091.95,1076.05,1088.6,1090.5,1086.39,1864121,2025165706,56077,1275280,68.41
HDFC,EQ,13-Apr-16,1090.5,1098.1,1117.45,1093.65,1115,1114.95,1110.48,3361554,3732922844,98823,2457229,73.1
HDFC,EQ,18-Apr-16,1114.95,1130,1139.4,1093.45,1135,1132.4,1121.23,3916572,4391374578,120284,3027702,77.3
HDFC,EQ,20-Apr-16,1132.4,1148.7,1158.65,1135,1143,1140,1144.25,4669646,5343229421,158599,3676278,78.73
HDFC,EQ,21-Apr-16,1140,1145,1157.45,1140.2,1149.1,1150.1,1151.5,6522775,7510993401,152047,5853525,89.74
HDFC,EQ,22-Apr-16,1150.1,1141,1152.05,1121.95,1130,1131.9,1132.76,2628319,2977251278,135116,1885317,71.73
HDFC,EQ,25-Apr-16,1131.9,1120,1127.5,1106.3,1114,1112,1114.5,1859499,2072414960,71243,1356469,72.95
HDFC,EQ,26-Apr-16,1112,1104,1131.85,1103.05,1129.5,1127.3,1117.93,2511483,2807663453,71574,1896765,75.52
HDFC,EQ,27-Apr-16,1127.3,1122.4,1128.5,1113.1,1121.5,1121.5,1119.57,1866265,2089420083,47979,1444082,77.38
HDFC,EQ,28-Apr-16,1121.5,1121,1126.4,1082.05,1086.55,1085.55,1096.19,5791623,6348695236,113552,4089545,70.61
HDFC,EQ,29-Apr-16,1085.55,1084.8,1102.25,1074.2,1090,1088.45,1086.92,4202421,4567709246,129121,3013293,71.7
HDFC,EQ,2-May-16,1088.45,1091.45,1097,1078.55,1093.1,1091.9,1088.78,2394549,2607134674,85186,867473,36.23
HDFC,EQ,3-May-16,1091.9,1097,1116.55,1095.05,1101.9,1099.6,1104.74,3372825,3726103060,98895,2101186,62.3
HDFC,EQ,4-May-16,1099.6,1099,1138,1098,1130.5,1129.9,1127.84,4419894,4984953114,131063,3145228,71.16
HDFC,EQ,5-May-16,1129.9,1137,1176.2,1135,1163.2,1162.65,1161.85,4663686,5418495123,130606,3183640,68.26
HDFC,EQ,6-May-16,1162.65,1161,1173.95,1149.1,1167.3,1167.8,1162.36,2591447,3012184108,86348,1712477,66.08
HDFC,EQ,9-May-16,1167.8,1168.1,1207,1168.1,1206.15,1203.6,1195.33,2462695,2943742528,88854,1499157,60.87
HDFC,EQ,10-May-16,1203.6,1202.2,1220.45,1197,1215.05,1218.55,1211.45,2687851,3256198474,98217,1889757,70.31
HDFC,EQ,11-May-16,1218.55,1207.5,1221.5,1200.2,1204,1203.8,1210.12,3080420,3727689310,90490,2096723,68.07
HDFC,EQ,12-May-16,1203.8,1204,1212.45,1190,1196.1,1195.85,1199.95,1850802,2220877088,53012,1200082,64.84
HDFC,EQ,13-May-16,1195.85,1192,1203.1,1158.65,1165.2,1166,1172.19,2819653,3305180312,132591,1954306,69.31
HDFC,EQ,16-May-16,1166,1164.4,1191,1160.5,1186.65,1186.45,1171.7,2309079,2705542976,86899,1626066,70.42
HDFC,EQ,17-May-16,1186.45,1197.5,1230,1191.25,1215,1217.85,1217.36,3760375,4577723524,145858,2752278,73.19
HDFC,EQ,18-May-16,1217.85,1205.25,1214.3,1196.4,1208,1208.2,1205.94,4337073,5230260518,100047,2936222,67.7
HDFC,EQ,19-May-16,1208.2,1208.5,1208.55,1173.3,1175,1175.85,1184.31,2454891,2907362068,133917,1588979,64.73
HDFC,EQ,20-May-16,1175.85,1178.1,1193.8,1172.15,1180,1179.55,1185.68,3001619,3558950718,98201,2002684,66.72
HDFC,EQ,23-May-16,1179.55,1184,1187.25,1158.4,1162.15,1160.25,1166.57,1882187,2195696545,59311,1267625,67.35
HDFC,EQ,24-May-16,1160.25,1163.9,1177.9,1159.15,1175,1172.75,1167.53,1650889,1927462403,93151,941439,57.03
HDFC,EQ,25-May-16,1172.75,1186,1212.45,1182.2,1208,1207.05,1203.46,2675175,3219477712,106301,1769474,66.14
HDFC,EQ,26-May-16,1207.05,1210.4,1235,1191.7,1229.25,1228.25,1216.39,2940863,3577226131,119948,1667051,56.69
HDFC,EQ,27-May-16,1228.25,1230,1268.4,1218.35,1250,1255.55,1245.21,3246784,4042942641,84204,2079441,64.05
HDFC,EQ,30-May-16,1255.55,1255.2,1259,1212.35,1235,1233.95,1232.14,2889133,3559819999,107205,1787400,61.87
HDFC,EQ,31-May-16,1233.95,1235.05,1247.8,1222.35,1242.15,1237.7,1235.37,5155776,6369295967,89939,3922777,76.09
HDFC,EQ,1-Jun-16,1237.7,1242.15,1248.35,1230,1242.65,1243.25,1240.56,2279936,2828387550,70333,1546879,67.85
HDFC,EQ,2-Jun-16,1243.25,1236.05,1263.5,1232.55,1258.45,1260.55,1245.27,1671551,2081536113,90166,1057879,63.29
HDFC,EQ,3-Jun-16,1260.55,1266,1268.8,1246,1256.25,1254.9,1255.27,1801598,2261490781,61484,1197846,66.49
HDFC,EQ,6-Jun-16,1254.9,1261,1264.95,1247.7,1256,1251.65,1253.21,1879964,2355988760,61962,1323407,70.4
HDFC,EQ,7-Jun-16,1251.65,1256.5,1260,1242.8,1250,1251.3,1250.53,2976354,3722033358,100145,2195403,73.76
HDFC,EQ,8-Jun-16,1251.3,1252.2,1267,1247.6,1255,1262.5,1261.93,2594901,3274581800,75496,2038089,78.54
HDFC,EQ,9-Jun-16,1262.5,1257,1258,1233.35,1240,1237.5,1241.7,2153365,2673824521,77338,1607356,74.64
HDFC,EQ,10-Jun-16,1237.5,1233,1251.7,1228,1231,1230.4,1234.85,2144364,2647961616,96555,1554708,72.5
HDFC,EQ,13-Jun-16,1230.4,1218.05,1225,1201.2,1208.1,1205.35,1209.17,4888040,5910481479,96393,3511920,71.85
HDFC,EQ,14-Jun-16,1205.35,1208.3,1209.4,1189,1199.8,1198.2,1194.57,2396987,2863369253,94408,1737590,72.49
HDFC,EQ,15-Jun-16,1198.2,1206.2,1209.4,1189.25,1205,1205.15,1198.55,2921199,3501207251,66597,2166267,74.16
HDFC,EQ,16-Jun-16,1205.15,1198,1205.8,1182.15,1200.7,1200.95,1194.66,1840887,2199230373,108127,1063519,57.77
HDFC,EQ,17-Jun-16,1200.95,1215,1235.9,1210.35,1223,1227.3,1223.83,2684017,3284774379,111231,1627067,60.62
HDFC,EQ,20-Jun-16,1227.3,1212,1234,1206,1230.15,1227.55,1225.12,2128249,2607357335,60941,1325332,62.27
HDFC,EQ,21-Jun-16,1227.55,1233,1242.4,1220,1235.6,1238.15,1233.66,2277146,2809229016,52366,1713113,75.23
HDFC,EQ,22-Jun-16,1238.15,1234,1241.8,1225,1237.5,1238.35,1233.51,2568936,3168798373,72434,1968465,76.63
HDFC,EQ,23-Jun-16,1238.35,1237.9,1249.45,1228.2,1243.05,1245.5,1239.1,1323818,1640339024,55418,889557,67.2
HDFC,EQ,24-Jun-16,1245.5,1210,1225.9,1201,1225,1222.75,1213.95,2579159,3130957510,54945,1579827,61.25
HDFC,EQ,27-Jun-16,1222.75,1211.1,1229.75,1210.55,1217,1214.6,1220.71,1699797,2074955299,53778,1111703,65.4
HDFC,EQ,28-Jun-16,1214.6,1211.25,1231.65,1211.25,1229,1228.9,1223.4,1264518,1547015923,76645,712798,56.37
HDFC,EQ,29-Jun-16,1228.9,1233.05,1251,1231.05,1248,1248.55,1243.05,1880015,2336944805,77204,1282782,68.23
HDFC,EQ,30-Jun-16,1248.55,1260,1266.25,1243.05,1252.6,1253.6,1254.52,4774341,5989484793,105864,3389347,70.99
HDFC,EQ,1-Jul-16,1253.6,1253.5,1262.8,1237.7,1243,1242.35,1250.14,2112124,2640440262,67497,1415232,67.01
HDFC,EQ,4-Jul-16,1242.35,1252,1266.1,1247,1259.6,1256.25,1257.68,1125696,1415762484,49123,699228,62.12
HDFC,EQ,5-Jul-16,1256.25,1257.5,1263.45,1245.7,1259.45,1260.7,1255.49,1261841,1584228831,33726,907038,71.88
HDFC,EQ,7-Jul-16,1260.7,1262,1295.4,1253.4,1293,1290.55,1280.24,2760950,3534674648,144405,1922737,69.64
HDFC,EQ,8-Jul-16,1290.55,1290,1301.7,1272.7,1287.95,1286.9,1283.95,2361470,3032009114,65398,1860459,78.78
HDFC,EQ,11-Jul-16,1286.9,1300,1322,1298.05,1322,1314.1,1310.68,1873706,2455828419,87539,1330112,70.99
HDFC,EQ,12-Jul-16,1314.1,1320.5,1337.8,1319.1,1332.45,1333.75,1327.68,1743750,2315144580,53245,1203574,69.02
HDFC,EQ,13-Jul-16,1333.75,1333,1337.75,1316.15,1325.8,1330.45,1328.11,3059127,4062861255,108519,2325277,76.01
HDFC,EQ,14-Jul-16,1330.45,1328.4,1340.2,1318.05,1337.65,1336.95,1326.82,1416877,1879944639,54450,987611,69.7
HDFC,EQ,15-Jul-16,1336.95,1325.05,1370,1320,1359.85,1364.1,1348.4,2180001,2939512866,76115,1333287,61.16
HDFC,EQ,18-Jul-16,1364.1,1364,1386.4,1338,1344.55,1346.35,1356.83,2760273,3745213857,90095,1858300,67.32
HDFC,EQ,19-Jul-16,1346.35,1346.35,1355.95,1331.25,1339.1,1338.55,1338.78,2534832,3393587649,91579,1857622,73.28
HDFC,EQ,20-Jul-16,1338.55,1339.9,1345.8,1325.3,1338,1334.45,1332.83,2673186,3562901926,68221,2089307,78.16
HDFC,EQ,21-Jul-16,1334.45,1335.95,1345,1328.15,1328.15,1332.9,1336.97,1524359,2038025484,58763,1043193,68.43
HDFC,EQ,22-Jul-16,1332.9,1333.95,1361.15,1326.7,1361.1,1357,1343.6,1523892,2047495709,58991,1038237,68.13
HDFC,EQ,25-Jul-16,1357,1355.5,1387,1350.4,1382,1382,1373.17,2693450,3698570476,61386,1884547,69.97
HDFC,EQ,26-Jul-16,1382,1383.7,1385,1362.2,1368.8,1367.45,1374,2852587,3919453338,89512,2385284,83.62
HDFC,EQ,27-Jul-16,1367.45,1376.9,1398.1,1368.55,1386.25,1387.7,1383.22,3451819,4774616331,127074,1868719,54.14
HDFC,EQ,28-Jul-16,1387.7,1390.3,1410,1374,1406.7,1402.15,1390.07,5473387,7608410903,91935,4280250,78.2
HDFC,EQ,29-Jul-16,1402.15,1407.95,1407.95,1373,1375,1374.5,1378.45,3347082,4613796054,104810,2659310,79.45
HDFC,EQ,1-Aug-16,1374.5,1385,1397.45,1368,1376.55,1374.3,1382.3,3040038,4202252367,85726,2302799,75.75
HDFC,EQ,2-Aug-16,1374.3,1371.8,1373.35,1334.05,1338,1342.15,1349.3,3509100,4734831773,143827,2751396,78.41
HDFC,EQ,3-Aug-16,1342.15,1342.15,1342.15,1316.4,1325.95,1325.45,1324.09,3806460,5040112592,96941,2993982,78.66
HDFC,EQ,4-Aug-16,1325.45,1331.3,1333.7,1313.1,1320.55,1320.15,1319.53,2223224,2933616265,92437,1631016,73.36
HDFC,EQ,5-Aug-16,1320.15,1330,1350,1322.55,1347.9,1342.1,1335.6,2210679,2952591037,78058,1740912,78.75
HDFC,EQ,8-Aug-16,1342.1,1350,1370.6,1345.6,1363.35,1367.45,1358.23,2196658,2983569379,63854,1581696,72
HDFC,EQ,9-Aug-16,1367.45,1375,1376,1331.5,1342.05,1343,1347.21,3160963,4258481484,119581,2261134,71.53
HDFC,EQ,10-Aug-16,1343,1343.35,1349,1325.35,1337,1337.15,1333.98,2397117,3197711310,59048,1925059,80.31
HDFC,EQ,11-Aug-16,1337.15,1339,1353.1,1331,1348.05,1348.45,1340.57,2774737,3719737918,78202,2179605,78.55
HDFC,EQ,12-Aug-16,1348.45,1354,1383.8,1352.55,1375.75,1382.15,1371.64,4666213,6400377199,111631,3911639,83.83
HDFC,EQ,16-Aug-16,1382.15,1378,1385,1348.1,1361.7,1358.55,1363.1,3860834,5262721284,147390,3243242,84
HDFC,EQ,17-Aug-16,1358.55,1350.5,1372.45,1350.5,1364.85,1366.9,1365.11,2627238,3586458582,92704,2121444,80.75
HDFC,EQ,18-Aug-16,1366.9,1369.5,1377.75,1363.75,1375,1374.3,1372.11,2889535,3964764910,100143,2154114,74.55
HDFC,EQ,19-Aug-16,1374.3,1375,1376.15,1358.8,1372,1369.4,1364.85,2925379,3992712511,124907,2367131,80.92
HDFC,EQ,22-Aug-16,1369.4,1370,1380.8,1357.6,1377.5,1377.55,1374.52,2069513,2844594495,83671,1685144,81.43
HDFC,EQ,23-Aug-16,1377.55,1373.65,1380,1362.25,1379.05,1375.15,1369.05,1766716,2418729566,68761,1377953,78
HDFC,EQ,24-Aug-16,1375.15,1386.3,1386.8,1366.25,1383.7,1382.85,1374.27,1692693,2326209329,72856,1248431,73.75
HDFC,EQ,25-Aug-16,1382.85,1380.65,1390,1352.3,1355.3,1357.5,1367.03,1846727,2524527789,50002,1203576,65.17
HDFC,EQ,26-Aug-16,1357.5,1361.5,1371.15,1349,1362.55,1366.35,1357.11,1478521,2006512784,71065,986327,66.71
HDFC,EQ,29-Aug-16,1366.35,1364.9,1379.5,1357.65,1375.7,1375.5,1373.12,1371236,1882867523,97362,1008055,73.51
HDFC,EQ,30-Aug-16,1375.5,1379.9,1394.25,1373.6,1390.5,1392.1,1385.04,2039705,2825074906,85039,1559152,76.44
HDFC,EQ,31-Aug-16,1392.1,1390.1,1414,1390,1409.85,1405.45,1402.51,5712564,8011949720,140586,4246344,74.33
HDFC,EQ,1-Sep-16,1405.45,1412,1430,1405.3,1425.9,1424.75,1419.4,2336511,3316436353,109988,1714755,73.39
HDFC,EQ,2-Sep-16,1424.75,1426.5,1441.95,1421.05,1439.35,1439.15,1436.32,2435712,3498456225,91643,1659031,68.11
HDFC,EQ,6-Sep-16,1439.15,1453,1462,1442,1460,1458.05,1452.15,2249067,3265981855,62412,1772356,78.8
HDFC,EQ,7-Sep-16,1458.05,1464,1464,1416.25,1433.25,1427.15,1430.79,2282112,3265228488,81247,1699166,74.46
HDFC,EQ,8-Sep-16,1427.15,1432.75,1442.8,1428.1,1437,1437.8,1435.55,1135659,1630291158,88538,811200,71.43
HDFC,EQ,9-Sep-16,1437.8,1442,1442,1396.55,1412.55,1410.65,1407.94,3028457,4263889019,124538,2228142,73.57
HDFC,EQ,12-Sep-16,1410.65,1390,1410,1373.7,1398,1399.05,1395.48,2322859,3241503830,69127,1741713,74.98
HDFC,EQ,14-Sep-16,1399.05,1391.05,1397.9,1378.5,1395,1392.2,1387.44,2442783,3389223452,95800,1869692,76.54
HDFC,EQ,15-Sep-16,1392.2,1393.1,1412.5,1390.4,1408.55,1410.05,1400.75,1519406,2128314433,91194,1080120,71.09
HDFC,EQ,16-Sep-16,1410.05,1416.7,1417,1393,1394,1397.35,1402.45,5047304,7078589739,103352,4010829,79.46
HDFC,EQ,19-Sep-16,1397.35,1399.9,1401,1386,1394.7,1392.8,1391.37,1515698,2108904007,58808,1191347,78.6
HDFC,EQ,20-Sep-16,1392.8,1390,1396,1382.25,1394.9,1393.1,1389.6,2123466,2950759846,54923,1738031,81.85
HDFC,EQ,21-Sep-16,1393.1,1392.35,1406,1388.55,1392.55,1392.35,1397,2262794,3161115046,73954,1830041,80.88
HDFC,EQ,22-Sep-16,1392.35,1405.9,1419.4,1402,1415,1413.25,1411.24,2777234,3919354791,100119,2272068,81.81
HDFC,EQ,23-Sep-16,1413.25,1418,1427.2,1412,1424,1425.1,1420.99,1369990,1946746825,42623,1009877,73.71
HDFC,EQ,26-Sep-16,1425.1,1417.3,1424.2,1403.1,1414,1412.45,1408.8,1999367,2816716490,71354,1621686,81.11
HDFC,EQ,27-Sep-16,1412.45,1415.7,1423,1406,1420,1418.9,1416.63,1288154,1824833354,47654,936475,72.7
HDFC,EQ,28-Sep-16,1418.9,1418.1,1432,1417.15,1420.8,1423.55,1425.01,1322605,1884722873,41642,855994,64.72
HDFC,EQ,29-Sep-16,1423.55,1428.5,1432.95,1392.6,1402.15,1401.4,1405.36,3386269,4758932926,49983,2364983,69.84
HDFC,EQ,30-Sep-16,1401.4,1396.9,1399.2,1381.8,1394.95,1393.45,1389.19,2719424,3777801739,67352,2090851,76.89
HDFC,EQ,3-Oct-16,1393.45,1401,1430.2,1386,1424.3,1425.5,1412.75,1189432,1680364393,70398,701235,58.96
HDFC,EQ,4-Oct-16,1425.5,1423.25,1435.2,1416.1,1432,1432.4,1426.49,2188072,3121266663,56442,1689229,77.2
HDFC,EQ,5-Oct-16,1432.4,1435,1437.35,1414.35,1423,1423.15,1422.71,1127576,1604214370,61142,614336,54.48
HDFC,EQ,6-Oct-16,1423.15,1425.2,1433.9,1418.2,1423,1426,1425.66,1367425,1949487594,59356,1025389,74.99
HDFC,EQ,7-Oct-16,1426,1426,1426,1398.4,1400.1,1403.7,1406.05,1275355,1793209555,57784,871099,68.3
HDFC,EQ,10-Oct-16,1403.7,1408,1412,1386.15,1394.5,1391.45,1392.25,966179,1345161917,41691,659564,68.27
HDFC,EQ,13-Oct-16,1391.45,1385,1400,1335.05,1336.5,1338.9,1349.81,3233878,4365111680,173013,2417828,74.77
HDFC,EQ,14-Oct-16,1338.9,1340.8,1342,1312.9,1320,1316.05,1324.12,3014689,3991821788,118975,2484602,82.42
HDFC,EQ,17-Oct-16,1316.05,1321.95,1322.95,1297.15,1304,1301.95,1305.13,2134599,2785928354,84842,1618337,75.81
HDFC,EQ,18-Oct-16,1301.95,1307,1357.7,1306.55,1355,1355.25,1339.93,2217709,2971564118,84213,1606292,72.43
HDFC,EQ,19-Oct-16,1355.25,1358.9,1359.25,1336.15,1339.65,1342.15,1343.34,1840483,2472402344,70966,1139562,61.92
HDFC,EQ,20-Oct-16,1342.15,1348,1368,1345.3,1360,1359.95,1360.47,1708024,2323713131,65453,1149633,67.31
HDFC,EQ,21-Oct-16,1359.95,1361.45,1361.45,1331.05,1339,1336.55,1336.98,3175886,4246108886,123151,2668186,84.01
HDFC,EQ,24-Oct-16,1336.55,1341.35,1350,1333.05,1345,1344,1342.12,923522,1239473537,28560,617742,66.89
HDFC,EQ,25-Oct-16,1344,1344.8,1349.25,1327.5,1338,1340.1,1339.51,1051311,1408244258,54464,763131,72.59
HDFC,EQ,26-Oct-16,1340.1,1336.6,1343.95,1319,1336,1334.65,1330.28,1797435,2391094406,89734,1216554,67.68
HDFC,EQ,27-Oct-16,1334.65,1336.1,1383,1328.6,1370.1,1378.55,1364.19,3054221,4166543743,80476,1977699,64.75
HDFC,EQ,28-Oct-16,1378.55,1374.7,1393,1362.4,1388,1391.7,1381.2,2929858,4046715750,121054,2325826,79.38
HDFC,EQ,30-Oct-16,1391.7,1398,1398,1375,1377,1377.5,1381.06,110205,152200037,3479,42253,38.34
HDFC,EQ,1-Nov-16,1377.5,1382.6,1431.75,1377,1416,1417.2,1414.95,4195608,5936569158,121645,3280852,78.2
HDFC,EQ,2-Nov-16,1417.2,1400,1408.95,1392.25,1406.85,1404.35,1401.9,1717505,2407765763,96472,1283176,74.71
HDFC,EQ,3-Nov-16,1404.35,1400.9,1411.45,1395.7,1404.9,1401.6,1403.23,1447474,2031133409,62943,1115685,77.08
HDFC,EQ,4-Nov-16,1401.6,1408,1408,1377.55,1387.3,1386.15,1390.68,1818296,2528663762,115950,1263627,69.5
HDFC,EQ,7-Nov-16,1386.15,1401.35,1401.95,1373.35,1375.85,1381.4,1382.82,2013931,2784896896,79022,1500983,74.53
HDFC,EQ,8-Nov-16,1381.4,1381.4,1394.6,1366.1,1393.7,1391.35,1380.73,1611902,2225600963,62991,1102180,68.38
HDFC,EQ,9-Nov-16,1391.35,1335.55,1362.1,1310,1354.5,1350.8,1335.03,4422950,5904752421,85391,2837648,64.16
HDFC,EQ,10-Nov-16,1350.8,1361,1364.55,1311,1317.55,1324.55,1336.8,3981742,5322795149,137709,3197168,80.3
HDFC,EQ,11-Nov-16,1324.55,1310,1311.4,1263.25,1266,1268.35,1281.08,3340486,4279434243,66901,2367851,70.88
HDFC,EQ,15-Nov-16,1268.35,1258,1258,1201,1216.05,1225.75,1224.07,6489223,7943275946,138281,4436204,68.36
HDFC,EQ,16-Nov-16,1225.75,1237.7,1265.45,1221.8,1253,1255.4,1242.03,4265216,5297523359,120446,3281562,76.94
HDFC,EQ,17-Nov-16,1255.4,1260,1270.55,1238.1,1248.1,1250.2,1252.08,2462361,3083080267,105413,1784384,72.47
HDFC,EQ,18-Nov-16,1250.2,1250.2,1261.65,1243.4,1250.05,1249.8,1253.01,2742765,3436713045,92157,2283734,83.26
HDFC,EQ,21-Nov-16,1249.8,1250,1250,1213.75,1223.1,1221.95,1230.88,2648780,3260323098,85288,1876203,70.83
HDFC,EQ,22-Nov-16,1221.95,1230,1252.5,1225.8,1249.55,1249.7,1241.3,2649077,3288310847,101394,1943712,73.37
HDFC,EQ,23-Nov-16,1249.7,1250,1255,1205,1230.1,1226.9,1221.93,3248078,3968916643,101957,2143832,66
HDFC,EQ,24-Nov-16,1226.9,1217.1,1229.85,1212.1,1219.95,1217.65,1219.65,3969055,4840864895,75645,3274032,82.49
HDFC,EQ,25-Nov-16,1217.65,1227,1257.15,1210.2,1251,1244.05,1226.48,3185195,3906592654,96155,2323643,72.95
HDFC,EQ,28-Nov-16,1244.05,1236.1,1252,1234,1241.1,1246.7,1242.15,2670157,3316743886,111243,2125219,79.59
HDFC,EQ,29-Nov-16,1246.7,1241.6,1284.95,1241.6,1252,1255.8,1269.27,3448317,4376830965,96669,2650791,76.87
HDFC,EQ,30-Nov-16,1255.8,1254.2,1272.1,1237.55,1265,1263.1,1257.75,4722267,5939415344,147352,3618717,76.63
HDFC,EQ,1-Dec-16,1263.1,1268.4,1285.75,1259.2,1267.2,1270,1274.81,2474051,3153933253,134870,1719983,69.52
HDFC,EQ,2-Dec-16,1270,1260.4,1260.5,1233,1237.05,1236.8,1242.83,2832229,3519976881,152168,2038631,71.98
HDFC,EQ,5-Dec-16,1236.8,1236.8,1239.95,1183.15,1218.95,1215.55,1208.17,5623284,6793867395,197374,3852545,68.51
HDFC,EQ,6-Dec-16,1215.55,1218.05,1259.8,1218.05,1240.6,1243.4,1247.09,2799494,3491223644,106555,1470400,52.52
HDFC,EQ,7-Dec-16,1243.4,1246.4,1283.45,1246,1265.25,1264.95,1264.87,4418144,5588398776,136614,3415520,77.31
HDFC,EQ,8-Dec-16,1264.95,1270.5,1295,1270.5,1284.7,1289.85,1285.11,2704208,3475207542,132716,1786071,66.05
HDFC,EQ,9-Dec-16,1289.85,1287,1289.7,1260,1273,1268.25,1268.85,2333398,2960742299,87808,1590416,68.16
HDFC,EQ,12-Dec-16,1268.25,1266.9,1278,1254.15,1261,1264.5,1263.58,1219745,1541247479,55175,778148,63.8
HDFC,EQ,13-Dec-16,1264.5,1269.4,1281.5,1250,1275.05,1278.55,1269.22,1656438,2102381042,65759,1171715,70.74
HDFC,EQ,14-Dec-16,1278.55,1279,1279,1257,1271.75,1266.55,1265.88,1628885,2061979892,76537,1110178,68.16
HDFC,EQ,15-Dec-16,1266.55,1262,1277.4,1255.25,1261.55,1259.2,1264.41,1731691,2189570466,75824,1130330,65.27
HDFC,EQ,16-Dec-16,1259.2,1262,1278,1262,1266.55,1269.15,1271.51,2775322,3528846598,101919,2109514,76.01
HDFC,EQ,19-Dec-16,1269.15,1263,1263.9,1242.65,1243.65,1247.9,1254.77,1279508,1605486327,55964,966217,75.51
HDFC,EQ,20-Dec-16,1247.9,1245.9,1255.9,1227.8,1239,1235.55,1240.12,1935652,2400439682,86773,1482767,76.6
HDFC,EQ,21-Dec-16,1235.55,1242,1256.95,1230.25,1233.35,1235.6,1246.95,3217980,4012644920,86305,2421025,75.23
HDFC,EQ,22-Dec-16,1235.6,1234.8,1237.85,1213.25,1219,1217.4,1219.44,2238703,2729969580,68350,1698635,75.88
HDFC,EQ,23-Dec-16,1217.4,1217.4,1232.3,1208.25,1224,1224.85,1224.64,1560501,1911057323,68410,1104261,70.76
HDFC,EQ,26-Dec-16,1224.85,1220,1224.25,1206,1221.9,1219.5,1216.37,747342,909044238.9,38777,394640,52.81
HDFC,EQ,27-Dec-16,1219.5,1221.9,1237,1211.45,1235.7,1232.15,1220.62,872827,1065389230,43219,466112,53.4
HDFC,EQ,28-Dec-16,1232.15,1238.9,1248.05,1222.9,1235,1237.95,1237.02,2032787,2514592463,78307,1439680,70.82
HDFC,EQ,29-Dec-16,1237.95,1234.7,1261.55,1229.9,1257.85,1257.2,1249.58,2005422,2505942644,90372,1394661,69.54
HDFC,EQ,30-Dec-16,1257.2,1263.35,1269.75,1249.5,1261.4,1262.6,1262.54,1388842,1753463395,56561,1001392,72.1
HDFC,EQ,2-Jan-17,1262.6,1272,1272,1213.7,1216.95,1217.1,1224.52,2369360,2901333316,64113,1350679,57.01
HDFC,EQ,3-Jan-17,1217.1,1218.7,1222.6,1200.5,1212.1,1214,1214.18,3203369,3889471316,99126,2164639,67.57
HDFC,EQ,4-Jan-17,1214,1215.8,1224.5,1197.25,1215,1212.1,1212.57,2805972,3402433202,112395,1976521,70.44
HDFC,EQ,5-Jan-17,1212.1,1215.7,1220.4,1205.1,1215,1217.2,1213.85,3339784,4054008614,201479,2550051,76.35
HDFC,EQ,6-Jan-17,1217.2,1219,1232,1218.8,1223,1222.35,1225.75,2774461,3400784744,109327,2265699,81.66
HDFC,EQ,9-Jan-17,1222.35,1225,1229,1212.6,1221.5,1223.55,1221.85,2016528,2463894257,50600,1606106,79.65
HDFC,EQ,10-Jan-17,1223.55,1225,1227.95,1213.05,1218,1217.25,1219.54,2669824,3255959000,78992,1950606,73.06
HDFC,EQ,11-Jan-17,1217.25,1224.7,1233,1218.2,1228,1230.05,1226.73,1353730,1660663908,70701,792711,58.56
HDFC,EQ,12-Jan-17,1230.05,1234,1242.95,1217.6,1219.2,1221.1,1227.26,1477834,1813689205,71533,910875,61.64
HDFC,EQ,13-Jan-17,1221.1,1224.95,1250.6,1222.15,1246,1247.5,1243.68,2131709,2651156187,74007,1356457,63.63
HDFC,EQ,16-Jan-17,1247.5,1245.1,1264,1240.25,1258,1256.9,1255.74,1694061,2127291996,41592,1256614,74.18
HDFC,EQ,17-Jan-17,1256.9,1258.35,1261,1234.95,1246.85,1245.8,1245.2,1185487,1476164787,42575,740762,62.49
HDFC,EQ,18-Jan-17,1245.8,1246.3,1260.95,1245.65,1247,1249.05,1251.65,1491317,1866608440,62113,1079058,72.36
HDFC,EQ,19-Jan-17,1249.05,1251.7,1251.7,1232.9,1243.15,1242.4,1242.54,1599732,1987732269,65869,1135563,70.98
HDFC,EQ,20-Jan-17,1242.4,1236.15,1245,1230.6,1236.65,1237.3,1237.24,1408933,1743192119,63635,955629,67.83
HDFC,EQ,23-Jan-17,1237.3,1234.7,1262,1232,1262,1259.75,1253.32,2265524,2839424132,74354,1812334,80
HDFC,EQ,24-Jan-17,1259.75,1263.1,1282,1260,1277.1,1280.75,1276.14,1937436,2472436303,80121,1478906,76.33
HDFC,EQ,25-Jan-17,1280.75,1284,1341.45,1279.7,1328.8,1337.4,1317.76,5273331,6948985574,158501,3997461,75.81
HDFC,EQ,27-Jan-17,1337.4,1329.15,1379,1329.15,1366.5,1373.7,1363.9,4017493,5479453880,124783,3096781,77.08
HDFC,EQ,30-Jan-17,1373.7,1370.4,1379.4,1360,1371.45,1371.9,1371.71,2427494,3329821924,96771,1432001,58.99
HDFC,EQ,31-Jan-17,1371.9,1371.45,1388.2,1353,1365,1365.85,1369.44,2588181,3544362629,91881,1707352,65.97
HDFC,EQ,1-Feb-17,1365.85,1370,1417.45,1369.65,1411,1412.1,1397.5,2637813,3686347989,99693,1571006,59.56
HDFC,EQ,2-Feb-17,1412.1,1411,1411,1385.7,1404,1401.3,1396.01,2336054,3261151481,89416,1779225,76.16
HDFC,EQ,3-Feb-17,1401.3,1401.5,1408,1385.6,1395,1397.45,1396.92,2144208,2995282779,81342,1446083,67.44
HDFC,EQ,6-Feb-17,1397.45,1402,1411.85,1388.6,1397.7,1400.3,1399.74,2029593,2840905864,82830,1449233,71.41
HDFC,EQ,7-Feb-17,1400.3,1399.6,1410,1388.4,1407,1407.25,1403.86,2731391,3834477333,56779,2266063,82.96
HDFC,EQ,8-Feb-17,1407.25,1410,1410,1383.8,1399,1401.1,1397.8,2263272,3163598806,103015,1691294,74.73
HDFC,EQ,9-Feb-17,1401.1,1402,1421.2,1385.65,1402,1396.9,1399.56,2389616,3344407466,101668,1593972,66.7
HDFC,EQ,10-Feb-17,1396.9,1408,1410,1382.8,1393,1388.55,1392.8,1637560,2280799328,56809,1192367,72.81
HDFC,EQ,13-Feb-17,1388.55,1398.4,1398.4,1372.6,1395.45,1392.05,1384.12,1638938,2268481073,67724,1205062,73.53
HDFC,EQ,14-Feb-17,1392.05,1398,1403.65,1388.05,1399,1398.15,1395.94,1564027,2183287581,50768,1248098,79.8
HDFC,EQ,15-Feb-17,1398.15,1399.9,1409.8,1389.5,1399,1399.15,1399.1,2323380,3250634460,97772,1903001,81.91
HDFC,EQ,16-Feb-17,1399.15,1394.15,1403,1386.25,1393.9,1393.55,1394.26,2017252,2812574135,109427,1658410,82.21
HDFC,EQ,17-Feb-17,1393.55,1425,1432.65,1400.2,1404.75,1402.5,1413.6,2075335,2933690459,72529,1144012,55.12
HDFC,EQ,20-Feb-17,1402.5,1401.55,1402.85,1386,1393,1393.3,1392.35,1470475,2047421088,43705,1112132,75.63
HDFC,EQ,21-Feb-17,1393.3,1393.1,1414,1389.85,1413,1412.45,1403.05,734159,1030063102,44498,464876,63.32
HDFC,EQ,22-Feb-17,1412.45,1415,1415,1391.8,1396.5,1394.1,1400.16,2494083,3492123323,104590,1680015,67.36
HDFC,EQ,23-Feb-17,1394.1,1401,1404.9,1378,1390,1385.7,1389.91,4125739,5734415361,124877,3261942,79.06
HDFC,EQ,27-Feb-17,1385.7,1389.45,1389.45,1368.1,1372,1375.7,1377.63,2822066,3887774572,76169,2398787,85
HDFC,EQ,28-Feb-17,1375.7,1377,1383.95,1368.4,1370.9,1370.05,1374.89,2318175,3187229655,104499,1701769,73.41
HDFC,EQ,1-Mar-17,1370.05,1369.8,1405,1369.2,1396.85,1400.55,1395.82,2163448,3019783053,73037,1621802,74.96
HDFC,EQ,2-Mar-17,1400.55,1403,1415.4,1392,1393.35,1399,1406.03,2671884,3756757981,108250,1994293,74.64
HDFC,EQ,3-Mar-17,1399,1392.3,1397,1366,1370.5,1371.2,1373.56,1137208,1562026080,53880,702939,61.81
HDFC,EQ,6-Mar-17,1371.2,1379,1392,1362.5,1367,1365.95,1372.29,2236116,3068609315,66628,1608729,71.94
HDFC,EQ,7-Mar-17,1365.95,1374.4,1374.4,1362.75,1365,1365.4,1366.83,1507326,2060257581,51442,1187910,78.81
HDFC,EQ,8-Mar-17,1365.4,1368.1,1376.8,1361.3,1365.5,1367.7,1367.1,2330472,3185993106,100277,1760059,75.52
HDFC,EQ,9-Mar-17,1367.7,1368.25,1381.9,1362.6,1373.95,1371.5,1372.53,2205255,3026788845,77998,1664944,75.5
HDFC,EQ,10-Mar-17,1371.5,1378,1383.35,1369,1375.7,1373.8,1375.18,1607599,2210737747,56798,1196665,74.44
HDFC,EQ,14-Mar-17,1373.8,1415.2,1428,1413.3,1421.95,1424.15,1419.2,6249576,8869391562,152114,5128902,82.07
HDFC,EQ,15-Mar-17,1424.15,1425.4,1435,1416.65,1424.15,1426.1,1426.56,2598530,3706969522,116205,1919940,73.89
HDFC,EQ,16-Mar-17,1426.1,1431.65,1454.75,1431.15,1452,1450.25,1444.15,3406772,4919890142,139681,2760081,81.02
HDFC,EQ,17-Mar-17,1450.25,1458.5,1458.5,1438.7,1446.2,1451.2,1449.31,3588003,5200135164,129695,2907145,81.02
HDFC,EQ,20-Mar-17,1451.2,1449.8,1464.95,1446.95,1456.6,1457.75,1458.77,1745773,2546679641,50745,1348156,77.22
HDFC,EQ,21-Mar-17,1457.75,1452.15,1473.45,1449.35,1461.1,1458.4,1458.8,2087458,3045188005,66015,1553169,74.4
HDFC,EQ,22-Mar-17,1458.4,1449.9,1454.75,1434.05,1442,1442.3,1441.53,1866922,2691228197,97159,1487877,79.7
HDFC,EQ,23-Mar-17,1442.3,1444.6,1460.9,1439.85,1459,1456.65,1447.81,2342002,3390766239,56615,1944628,83.03
HDFC,EQ,24-Mar-17,1456.65,1458,1467.25,1450,1461.5,1462.6,1463.06,1701119,2488845478,71234,1380223,81.14
HDFC,EQ,27-Mar-17,1462.6,1455,1478.5,1455,1477,1474.7,1468.76,2418666,3552433313,80711,2018971,83.47
HDFC,EQ,28-Mar-17,1474.7,1477.7,1508,1477.1,1506.6,1504.1,1498.18,2272786,3405048242,61508,1684300,74.11
HDFC,EQ,29-Mar-17,1504.1,1510.1,1531,1498.5,1524.45,1522.05,1513.15,3595260,5440153822,89516,2911900,80.99
HDFC,EQ,30-Mar-17,1522.05,1520,1528.4,1510.55,1518,1519.95,1519.97,8057156,12246645972,123936,6937745,86.11
HDFC,EQ,31-Mar-17,1519.95,1520.2,1520.2,1496.55,1499.85,1502.1,1503.99,2816509,4235996323,105916,2120923,75.3
HDFC,EQ,3-Apr-17,1502.1,1509.65,1537.2,1502.05,1537,1533.65,1525.88,2302442,3513252105,72784,1652997,71.79
HDFC,EQ,5-Apr-17,1533.65,1525.1,1530,1486.75,1492,1490.15,1497.51,4839266,7246865116,169752,3825395,79.05
HDFC,EQ,6-Apr-17,1490.15,1490,1490,1468.1,1481.55,1482.6,1479.34,3533800,5227688067,86428,2659916,75.27
HDFC,EQ,7-Apr-17,1482.6,1474.9,1494,1466.25,1481.7,1484.75,1481.73,2366116,3505950123,48238,1782523,75.34
HDFC,EQ,10-Apr-17,1484.75,1484,1484,1465.05,1465.85,1467.5,1469.85,2200153,3233886303,77780,1880021,85.45
HDFC,EQ,11-Apr-17,1467.5,1465.1,1486.95,1461.2,1479,1476.85,1477.74,2166320,3201254321,73737,1578551,72.87
HDFC,EQ,12-Apr-17,1476.85,1475,1476.45,1460,1468.95,1466.65,1465.4,2663565,3903193576,105512,2222812,83.45
HDFC,EQ,13-Apr-17,1466.65,1470,1484.7,1461.15,1475.2,1474.9,1475.74,1773012,2616500094,51949,1295461,73.07
HDFC,EQ,17-Apr-17,1474.9,1475,1494.45,1474.8,1480,1479.55,1484.67,1213004,1800916462,39093,783162,64.56
HDFC,EQ,18-Apr-17,1479.55,1482,1491,1474,1480,1480.05,1480.96,1784505,2642782450,56985,1247632,69.91
HDFC,EQ,19-Apr-17,1480.05,1491.55,1492.3,1470.2,1490.2,1490.2,1486.38,1546962,2299375479,82753,1145156,74.03
HDFC,EQ,20-Apr-17,1490.2,1490,1531.75,1487.1,1511.75,1517.1,1517.89,2905255,4409861001,83577,2162309,74.43
HDFC,EQ,21-Apr-17,1517.1,1519.9,1526.75,1490.95,1503.15,1507.45,1506.66,1520049,2290196893,67122,1076843,70.84
HDFC,EQ,24-Apr-17,1507.45,1509.8,1538.55,1507.45,1525,1530.7,1530.48,1550370,2372816868,127662,1157467,74.66
HDFC,EQ,25-Apr-17,1530.7,1535,1557.6,1531,1541,1548.4,1546.43,2420240,3742743308,75640,1954097,80.74
HDFC,EQ,26-Apr-17,1548.4,1551.2,1590,1551.2,1576.15,1586,1576.49,3596629,5670054793,143646,2691832,74.84
HDFC,EQ,27-Apr-17,1586,1582,1589.95,1559.05,1561.05,1566.5,1575.94,4533632,7144748904,181532,3603398,79.48
HDFC,EQ,28-Apr-17,1566.5,1564.1,1566,1532.15,1537,1537.15,1540.52,2850999,4392011703,155565,2252219,79
HDFC,EQ,2-May-17,1537.15,1547,1590.75,1538.9,1585.55,1584.75,1571.83,4472856,7030575465,190220,3468915,77.55
HDFC,EQ,3-May-17,1584.75,1588,1591.85,1563,1564.3,1571.3,1575.99,4028393,6348715654,117911,3240990,80.45
HDFC,EQ,4-May-17,1571.3,1573,1587.4,1556,1558.1,1564.35,1574.65,5810079,9148842353,129219,4408453,75.88
HDFC,EQ,5-May-17,1564.35,1570.1,1570.2,1540.95,1543,1546.85,1548.07,2299986,3560540227,99366,1790557,77.85
HDFC,EQ,8-May-17,1546.85,1542,1549,1527.15,1529,1529.5,1537.62,1887869,2902816399,56878,1579702,83.68
HDFC,EQ,9-May-17,1529.5,1537.9,1542.8,1517.85,1523.4,1523.5,1530.21,2041977,3124648181,96568,1517623,74.32
HDFC,EQ,10-May-17,1523.5,1532,1575.25,1527.2,1570.7,1572,1562.57,2965910,4634452090,123196,2264217,76.34
HDFC,EQ,11-May-17,1572,1581,1581,1557,1558.25,1565.3,1571.69,2648011,4161863415,76511,2134050,80.59
HDFC,EQ,12-May-17,1565.3,1565,1566.2,1539.35,1549,1549.8,1549.18,1294006,2004644429,72628,920599,71.14
HDFC,EQ,15-May-17,1549.8,1554.5,1572.6,1554.1,1561,1559.5,1562.62,1270297,1984989922,59917,955875,75.25
HDFC,EQ,16-May-17,1559.5,1558,1569,1554,1568,1566.55,1564.05,2114918,3307844027,79354,1652379,78.13
HDFC,EQ,17-May-17,1566.55,1565.5,1570.95,1549.75,1550.1,1552.5,1557.08,2161434,3365526233,80317,1794472,83.02
HDFC,EQ,18-May-17,1552.5,1547,1558.6,1526.5,1545,1537.05,1539.03,2404372,3700407245,85842,1837821,76.44
HDFC,EQ,19-May-17,1537.05,1545,1548,1515.35,1526.5,1520.6,1526.14,2142433,3269651729,113875,1601236,74.74
HDFC,EQ,22-May-17,1520.6,1530,1530,1510.25,1519.95,1519.85,1518.84,1920867,2917481235,70390,1541085,80.23
HDFC,EQ,23-May-17,1519.85,1521.7,1537.2,1503.45,1510,1511.5,1521.2,1408855,2143148588,56848,969791,68.84
HDFC,EQ,24-May-17,1511.5,1519,1541.75,1512.4,1525,1524.85,1527.9,2209471,3375851161,75808,1361319,61.61
HDFC,EQ,25-May-17,1524.85,1533.9,1546,1530.5,1539,1539.75,1539.88,4099792,6313183911,91104,3327557,81.16
HDFC,EQ,26-May-17,1539.75,1538.1,1563,1530.25,1544.5,1547.9,1548.63,1871008,2897490680,59347,1270174,67.89
HDFC,EQ,29-May-17,1547.9,1546,1601.25,1546,1596.75,1598.85,1586.02,3464406,5494626678,75137,1961992,56.63
HDFC,EQ,30-May-17,1598.85,1595.7,1604,1575.05,1582.6,1579.5,1588.05,1605211,2549149348,77293,1019565,63.52
HDFC,EQ,31-May-17,1579.5,1581,1596.15,1565.4,1576.8,1569.85,1571.89,4907685,7714319619,160031,3833239,78.11
HDFC,EQ,1-Jun-17,1569.85,1551.8,1587.4,1551.8,1577.25,1583.75,1575.11,2990228,4709941589,155736,1983472,66.33
HDFC,EQ,2-Jun-17,1583.75,1582,1612.8,1582,1595.35,1604.65,1602.17,3427957,5492166766,99348,2572628,75.05
HDFC,EQ,5-Jun-17,1604.65,1606.4,1612,1591.15,1605,1606.15,1603.91,2988075,4792593901,81217,2167100,72.52
HDFC,EQ,6-Jun-17,1606.15,1610,1624.85,1602.5,1603.7,1605.75,1611.85,2170920,3499204656,48603,1537563,70.83
HDFC,EQ,7-Jun-17,1605.75,1609.7,1611.5,1590.6,1600,1599.35,1598.75,1726464,2760190740,69120,1256284,72.77
HDFC,EQ,8-Jun-17,1599.35,1608.9,1635,1605,1631,1633.55,1628.23,2289492,3727828270,104016,1459772,63.76
HDFC,EQ,9-Jun-17,1633.55,1628,1649,1620.1,1646.1,1647.2,1636.33,2633241,4308859894,73460,1898414,72.09
HDFC,EQ,12-Jun-17,1647.2,1644,1651.8,1633.85,1647,1647.5,1643.89,2000556,3288694813,71819,1467513,73.36
HDFC,EQ,13-Jun-17,1647.5,1642.05,1682.2,1642.05,1665,1667.65,1667.32,2737084,4563600560,143134,1840910,67.26
HDFC,EQ,14-Jun-17,1667.65,1661.55,1668,1644,1647.1,1651.1,1651.72,6519614,10768594969,139220,6014688,92.26
HDFC,EQ,15-Jun-17,1651.1,1648.7,1653.7,1629.55,1635,1636.85,1642.13,5678766,9325295806,73070,5097448,89.76
HDFC,EQ,16-Jun-17,1636.85,1634.3,1651,1629.15,1635.2,1640.85,1641.87,2692532,4420794504,73989,1737533,64.53
HDFC,EQ,19-Jun-17,1640.85,1659,1660,1645.2,1659.6,1654.2,1652.88,2907637,4805976866,62546,2321542,79.84
HDFC,EQ,20-Jun-17,1654.2,1651.15,1660,1627.9,1632.15,1631.5,1636.96,2304515,3772389818,67469,1652828,71.72
HDFC,EQ,21-Jun-17,1631.5,1632.15,1638,1615.5,1626,1628.25,1622.59,2359678,3828800585,85584,1833784,77.71
HDFC,EQ,22-Jun-17,1628.25,1626.1,1660,1626.1,1650.1,1653.8,1651.94,3438975,5680996916,129910,2724127,79.21
HDFC,EQ,23-Jun-17,1653.8,1660,1661,1642.1,1650.2,1651.35,1651.51,2590704,4278583573,119288,1946085,75.12
HDFC,EQ,27-Jun-17,1651.35,1655.7,1667,1639.7,1650.15,1651.05,1652.48,3612290,5969244173,149871,2858502,79.13
HDFC,EQ,28-Jun-17,1651.05,1656.5,1658.8,1623.1,1624,1629,1637.6,1683069,2756190358,96590,1174145,69.76
HDFC,EQ,29-Jun-17,1629,1629.4,1654.9,1620.1,1627.4,1632.2,1638.4,2783220,4560024764,101152,2117744,76.09
HDFC,EQ,30-Jun-17,1632.2,1625,1625,1606.95,1611.9,1614.95,1616.13,1866235,3016085677,105847,1326587,71.08
HDFC,EQ,3-Jul-17,1614.95,1610.35,1629,1600.7,1617.05,1621.65,1617.86,1518180,2456199460,64639,860304,56.67
HDFC,EQ,4-Jul-17,1621.65,1626.35,1646.5,1616.4,1639.05,1640.65,1634.35,1909048,3120056372,63997,1288073,67.47
HDFC,EQ,5-Jul-17,1640.65,1639.05,1640,1622.25,1631,1629.1,1627.52,1317408,2144111870,51340,949820,72.1
HDFC,EQ,6-Jul-17,1629.1,1623.05,1654,1623.05,1642.8,1647.9,1644.66,2397552,3943165075,105496,1741973,72.66
HDFC,EQ,7-Jul-17,1647.9,1650,1650,1617,1630.5,1629.15,1625.21,3405664,5534905362,100232,2576114,75.64
HDFC,EQ,10-Jul-17,1629.15,1678,1678,1620.9,1636,1638.85,1634.95,380665,622368221.9,10092,196329,51.58
HDFC,EQ,11-Jul-17,1638.85,1640.4,1649.1,1629.9,1645,1642.75,1640.78,1547377,2538910358,79097,1066330,68.91
HDFC,EQ,12-Jul-17,1642.75,1647,1648,1626.05,1638.55,1639.95,1636,2067988,3383223775,116796,1546900,74.8
HDFC,EQ,13-Jul-17,1639.95,1640.2,1665,1640.2,1656.4,1656.9,1656.06,2728741,4518968550,104978,2048254,75.06
HDFC,EQ,14-Jul-17,1656.9,1649,1649.9,1637.05,1647.1,1647.7,1644.49,1214121,1996608054,60177,784200,64.59
HDFC,EQ,17-Jul-17,1647.7,1649,1658.9,1645.55,1652.3,1652.35,1652.59,1080487,1785606761,51996,778584,72.06
HDFC,EQ,18-Jul-17,1652.35,1655,1676.95,1649.1,1652,1653,1657,2073732,3436171411,60483,1532245,73.89
HDFC,EQ,19-Jul-17,1653,1661,1661,1641.85,1651.3,1654.85,1649.27,2812906,4639234962,130535,2367126,84.15
HDFC,EQ,20-Jul-17,1654.85,1665.1,1665.15,1642.8,1650.25,1651,1650.9,1042156,1720494390,65111,805462,77.29
HDFC,EQ,21-Jul-17,1651,1655.7,1655.7,1622.35,1640.1,1640.95,1641.66,2044159,3355808342,103548,1449468,70.91
HDFC,EQ,24-Jul-17,1640.95,1646.8,1647,1626.3,1630,1632.25,1634,5390510,8808111634,103620,3119324,57.87
HDFC,EQ,25-Jul-17,1632.25,1643,1643,1627.35,1633.8,1632.05,1632.56,2986733,4876019721,98126,2468491,82.65
HDFC,EQ,26-Jul-17,1632.05,1635,1643.8,1620,1637.95,1633.45,1633.19,5038801,8229300950,102221,3691560,73.26
HDFC,EQ,27-Jul-17,1633.45,1647,1743.45,1642.15,1719,1728.2,1710.75,9028591,15445650691,180177,4897212,54.24
HDFC,EQ,28-Jul-17,1728.2,1717.5,1799.2,1709.1,1776,1785.35,1764.89,7936274,14006656601,200844,5010228,63.13
HDFC,EQ,31-Jul-17,1785.35,1783.9,1799.9,1751.2,1787.5,1789.25,1776.18,4669583,8294021262,161112,2717755,58.2
HDFC,EQ,1-Aug-17,1789.25,1787.25,1799,1754.7,1784.1,1779.1,1769.15,3259641,5766780771,105776,2084596,63.95
HDFC,EQ,2-Aug-17,1779.1,1777,1783.25,1760,1769.4,1766.4,1765.76,1960377,3461563692,78442,1260380,64.29
HDFC,EQ,3-Aug-17,1766.4,1774,1776.8,1725,1732.6,1736.75,1744.06,3975454,6933428851,98383,2835172,71.32
HDFC,EQ,4-Aug-17,1736.75,1725.3,1738.65,1721,1731.1,1731.35,1727.83,5369383,9277368759,67514,4629232,86.22
HDFC,EQ,7-Aug-17,1731.35,1731,1753,1720.1,1720.45,1725.4,1735.15,2372097,4115942994,84354,1722798,72.63
HDFC,EQ,8-Aug-17,1725.4,1729.9,1732.05,1701,1720,1719.9,1717.1,2915229,5005731700,112353,2218394,76.1
HDFC,EQ,9-Aug-17,1719.9,1718.9,1741.8,1705,1728,1731.65,1724.52,1817847,3134922101,87589,1203426,66.2
HDFC,EQ,10-Aug-17,1731.65,1728,1749.05,1699,1711,1709.8,1733.07,3177026,5506006914,146267,2084963,65.63
HDFC,EQ,11-Aug-17,1709.8,1686.5,1709.45,1681.4,1694.8,1695.35,1692.17,1987331,3362909842,74091,1299970,65.41
HDFC,EQ,14-Aug-17,1695.35,1700.8,1745.3,1691.3,1714,1713.95,1725.77,2144672,3701209281,97252,1203998,56.14
HDFC,EQ,16-Aug-17,1713.95,1722.8,1758,1715.1,1739,1741.75,1739.87,3357599,5841780648,123545,2400246,71.49
HDFC,EQ,17-Aug-17,1741.75,1748.75,1766,1720.25,1756,1759.25,1743.37,2408279,4198511729,97794,1575094,65.4
HDFC,EQ,18-Aug-17,1759.25,1757,1758.75,1725.25,1731,1735.05,1735.37,1897962,3293674858,114319,1264883,66.64
HDFC,EQ,21-Aug-17,1735.05,1737.2,1745.4,1730,1735.9,1738.15,1738.4,1685595,2930235339,67642,1225775,72.72
HDFC,EQ,22-Aug-17,1738.15,1743.9,1756.75,1737.6,1754,1750.4,1746.78,1505736,2630184752,72921,1070143,71.07
HDFC,EQ,23-Aug-17,1750.4,1750.25,1769,1747.7,1758.65,1765.25,1761.43,2858972,5035867277,98608,2295328,80.29
HDFC,EQ,24-Aug-17,1765.25,1764.6,1769,1746,1754.8,1757.35,1759.75,1560281,2745697444,69777,1000387,64.12
HDFC,EQ,28-Aug-17,1757.35,1765,1784.45,1756.45,1766.65,1766.45,1768.51,4268581,7549040654,169613,3187996,74.69
HDFC,EQ,29-Aug-17,1766.45,1754.5,1762.5,1725,1726.55,1727.8,1731,3262401,5647210676,87398,2324678,71.26
HDFC,EQ,30-Aug-17,1727.8,1741,1770,1738.5,1755.5,1759.05,1756.62,2399821,4215565202,108256,1621996,67.59
HDFC,EQ,31-Aug-17,1759.05,1762,1780.95,1746,1779.8,1776.9,1769.26,4646322,8220571377,179595,3268268,70.34
HDFC,EQ,1-Sep-17,1776.9,1776,1776,1751.65,1760,1759.55,1760.38,2115809,3724631183,110351,1573432,74.37
HDFC,EQ,4-Sep-17,1759.55,1767.8,1768.5,1742.05,1753,1755.4,1750.9,1660749,2907799325,99697,1130230,68.06
HDFC,EQ,5-Sep-17,1755.4,1754,1772.2,1748.05,1770,1767.3,1761.47,1287567,2268010068,62702,815570,63.34
HDFC,EQ,6-Sep-17,1767.3,1754,1777,1749.2,1772.45,1775,1765.53,1904953,3363259094,100169,1257440,66.01
HDFC,EQ,7-Sep-17,1775,1773.1,1790.4,1752.1,1779.6,1781.7,1770.46,2919242,5168410040,83690,1573980,53.92
HDFC,EQ,8-Sep-17,1781.7,1782,1789.85,1774.1,1776.15,1779.15,1783.39,1617395,2884447472,92615,1129290,69.82
HDFC,EQ,11-Sep-17,1779.15,1782.5,1796,1776.35,1777.1,1781.7,1786.59,1803438,3221997821,67891,1336497,74.11
HDFC,EQ,12-Sep-17,1781.7,1792.8,1802,1768.7,1793.35,1798.1,1787.51,2319571,4146251591,109762,1624358,70.03
HDFC,EQ,13-Sep-17,1798.1,1795,1799.7,1773.6,1776.05,1778.1,1783.27,1953168,3483029135,105695,1416512,72.52
HDFC,EQ,14-Sep-17,1778.1,1777,1778.15,1763.05,1770.9,1771.8,1771.02,3630935,6430472573,100091,2797714,77.05
HDFC,EQ,15-Sep-17,1771.8,1761.1,1781.3,1758,1767,1768.95,1767.29,4778170,8444421127,108290,3602101,75.39
HDFC,EQ,18-Sep-17,1768.95,1774,1779.45,1763.6,1771.5,1771.75,1772.29,1878242,3328787247,95800,1438576,76.59
HDFC,EQ,19-Sep-17,1771.75,1775.15,1776.15,1751,1755,1752.6,1760.95,2407597,4239653931,60458,1894684,78.7
HDFC,EQ,20-Sep-17,1752.6,1746,1771,1746,1765.25,1767.15,1762.55,1907381,3361850084,98006,1417809,74.33
HDFC,EQ,21-Sep-17,1767.15,1766,1795.35,1764,1788.65,1788.6,1779.82,4404969,7840051401,74542,3131240,71.08
HDFC,EQ,22-Sep-17,1788.6,1785,1786.1,1770.15,1775.15,1780.95,1779.84,2208485,3930756802,63187,1269050,57.46
HDFC,EQ,25-Sep-17,1780.95,1777.8,1777.85,1738.9,1752,1755.05,1755.24,2021237,3547760514,94786,1410537,69.79
HDFC,EQ,26-Sep-17,1755.05,1755,1758.8,1728.1,1740,1741.25,1739.22,2493262,4336329503,98482,1869837,75
HDFC,EQ,27-Sep-17,1741.25,1757,1757,1715.8,1725,1719.35,1731.79,2823110,4889034730,103545,1990091,70.49
HDFC,EQ,28-Sep-17,1719.35,1720.1,1764.8,1713,1738,1744.35,1735.67,3640524,6318755123,119380,2788754,76.6
HDFC,EQ,29-Sep-17,1744.35,1749,1758.7,1730,1730.25,1742.15,1747.86,2811969,4914939119,99308,2194041,78.03
HDFC,EQ,3-Oct-17,1742.15,1753.1,1768,1734.15,1761,1761.6,1755.54,3369694,5915615795,99941,2512266,74.55
HDFC,EQ,4-Oct-17,1761.6,1762.1,1777.65,1750,1776.5,1768.1,1769.16,2256778,3992590664,111384,1783406,79.02
HDFC,EQ,5-Oct-17,1768.1,1772.3,1776,1748.1,1752.5,1751.7,1759.54,1318348,2319684255,64954,875016,66.37
HDFC,EQ,6-Oct-17,1751.7,1752.2,1765.95,1733.25,1741.15,1740,1740.4,3033715,5279867126,66192,2397067,79.01
HDFC,EQ,9-Oct-17,1740,1739.9,1753.8,1731.2,1752.7,1749.7,1744.02,1512781,2638318767,80169,1141221,75.44
HDFC,EQ,10-Oct-17,1749.7,1748.55,1749.7,1737.3,1745.95,1744.75,1742.88,1956024,3409115440,79174,1406140,71.89
HDFC,EQ,11-Oct-17,1744.75,1750,1763.4,1741.95,1747.1,1750.75,1752.07,1251359,2192467419,53541,862293,68.91
HDFC,EQ,12-Oct-17,1750.75,1752.15,1758.8,1742.1,1752.2,1755.55,1751.96,1570135,2750807890,74706,1100086,70.06
HDFC,EQ,13-Oct-17,1755.55,1752.1,1773.8,1752,1763.6,1766.45,1764.88,2721949,4803923853,91914,2111044,77.56
HDFC,EQ,16-Oct-17,1766.45,1771,1779.4,1746.05,1760.25,1762.9,1761.36,2650209,4667966875,103404,1988099,75.02
HDFC,EQ,17-Oct-17,1762.9,1760.8,1767.45,1751.3,1761.95,1759.75,1758.91,1432658,2519921068,71959,1057264,73.8
HDFC,EQ,18-Oct-17,1759.75,1759.75,1764.2,1749,1754.9,1751.55,1755.94,1747083,3067770679,70832,1323681,75.77
HDFC,EQ,19-Oct-17,1751.55,1751,1754.75,1738.9,1743,1745.75,1747.64,119832,209423644.5,3912,50221,41.91
HDFC,EQ,23-Oct-17,1745.75,1751.8,1751.8,1713,1724,1722.4,1724.18,2813675,4851275706,166259,2053240,72.97
HDFC,EQ,24-Oct-17,1722.4,1725,1732,1712,1723,1722.3,1722.4,1561822,2690083376,66062,1090623,69.83
HDFC,EQ,25-Oct-17,1722.3,1736.9,1737.9,1649.35,1678,1677.65,1678.24,3823429,6416628079,135735,2796635,73.14
HDFC,EQ,26-Oct-17,1677.65,1669.5,1707,1638,1697,1692.35,1660.45,6425264,10668835172,185424,4671273,72.7
HDFC,EQ,27-Oct-17,1692.35,1704,1716,1681.35,1693,1699.05,1696.53,1217140,2064917136,79466,703486,57.8
HDFC,EQ,30-Oct-17,1699.05,1706.4,1722.8,1685.1,1704.95,1705.8,1706.42,2705599,4616888514,110793,1117178,41.29
HDFC,EQ,31-Oct-17,1705.8,1711,1727.8,1697.95,1700.95,1707.4,1716.03,2287919,3926145825,87264,1329282,58.1
HDFC,EQ,1-Nov-17,1707.4,1710,1760.1,1701.25,1751.9,1754.3,1741.46,3406418,5932123692,116177,2609185,76.6
HDFC,EQ,2-Nov-17,1754.3,1743.1,1769.85,1743.1,1761,1762.25,1760.35,2386293,4200716644,103806,1942511,81.4
HDFC,EQ,3-Nov-17,1762.25,1771,1790,1760.15,1772.35,1776.3,1776.95,1614278,2868493750,52830,1122359,69.53
HDFC,EQ,6-Nov-17,1776.3,1770,1799,1766,1776,1790.2,1785.86,1465290,2616801487,97457,1076963,73.5
HDFC,EQ,7-Nov-17,1790.2,1783.6,1804,1760.25,1765.3,1764.65,1774.1,2261156,4011524765,98209,1708607,75.56
HDFC,EQ,8-Nov-17,1764.65,1758.2,1777.95,1742.25,1745.2,1747.45,1758.84,2713933,4773374113,140275,2105471,77.58
HDFC,EQ,9-Nov-17,1747.45,1760,1760,1706,1725,1725.85,1721.89,3596933,6193508661,169382,2669132,74.21
HDFC,EQ,10-Nov-17,1725.85,1726,1726,1697.15,1709.55,1709.5,1711.06,2331920,3990044538,59762,1652089,70.85
HDFC,EQ,13-Nov-17,1709.5,1700.1,1705,1666.4,1670.75,1670.3,1677.49,3835863,6434604259,95839,3004332,78.32
HDFC,EQ,14-Nov-17,1670.3,1664,1682.55,1658,1662.95,1661.4,1665.81,3488363,5810958144,131817,2412444,69.16
HDFC,EQ,15-Nov-17,1661.4,1663,1676.4,1648.4,1654,1650.9,1660.86,2688079,4464527767,86748,1833576,68.21
